{"cameraMode":{"drawMode":0,"name":"Shaded","section":"Shading Mode"},"sceneLighting":true,"audioPlay":false,"sceneViewState":{"m_AlwaysRefresh":false,"showFog":true,"showSkybox":true,"showFlares":true,"showImageEffects":true,"showParticleSystems":true,"showVisualEffectGraphs":true,"m_FxEnabled":true},"in2DMode":false,"pivot":{"x":113.33000946044922,"y":39.96018600463867,"z":19.109943389892579},"rotation":{"x":-0.04378394037485123,"y":0.7018654942512512,"z":-0.04359012097120285,"w":-0.7099330425262451},"size":0.8660253882408142,"orthographic":false}